N;Clasificación del recurso;Tipo de recurso;Categoría del recurso;Denominación;Dirección;Más detalles dirección;CP;Municipio;Provincia;Otra demarcación geográfica;Latitud;Longitud;Población destinataria;Población;Colectivo Diana 1;Colectivo Diana 2;Colectivo Diana 3;Descripción;Número de plazas;Acceso;Requisitos de acceso;Vinculación;Aportación del usuario
2;Ambulatorio;Centro de día;Funcional;Asociación ALEGRÍA;Barrio San Julián, 2;;48550;Muskiz;Bizkaia;;43.332508;-3.1146002;Personas con discapacidad y trastorno mental grave;Adultos;Discapacidad;Salud mental;Población general;Recurso centrado en las personas, que trabaja con planes estructurados y personalizados de mejora y capacitación en torno a distintas actividades terapéuticas y ocupacionales relacionadas con su discapacidad;11;Con derivación;Informe de Osakidetza de Salud mental;Permanente;Copago
3;Ambulatorio;Centro de día;Funcional;AVIFES;Murueta Torre, 4A;Bloques: 4 A y 4 B;48200;Durango;Bizkaia;;43.172142;-2.632604;Personas con discapacidad y trastorno mental grave;Adultos;Discapacidad;Salud mental;----;Recurso centrado en las personas, que trabaja con planes estructurados y personalizados de mejora y capacitación en torno a distintas actividades terapéuticas y ocupacionales relacionadas con su discapacidad;32;Con derivación;"Informe de Osakidetza de Salud mental
Mínimo 33% discapacidad
Dependencia a valorar";Permanente;Copago
4;Ambulatorio;Centro de día;Funcional;AVIFES;C/ Iparraguirre, 54;;48300;Gernika-Lumo;Bizkaia;;43.3076;-2.6800349;Personas con discapacidad y trastorno mental grave;Adultos;Discapacidad;Salud mental;----;Recurso centrado en las personas, que trabaja con planes estructurados y personalizados de mejora y capacitación en torno a distintas actividades terapéuticas y ocupacionales relacionadas con su discapacidad;29;Con derivación;"Informe de Osakidetza de Salud mental
Mínimo 33% discapacidad
Dependencia a valorar";Permanente;Copago
5;Ambulatorio;Centro de día;Funcional;AVIFES;C/ Correos, 20;Piso: lonja;48920;Portugalete;Bizkaia;;43.320496;-3.0209978;Personas con discapacidad y trastorno mental grave;Adultos;Discapacidad;Salud mental;----;Recurso centrado en las personas, que trabaja con planes estructurados y personalizados de mejora y capacitación en torno a distintas actividades terapéuticas y ocupacionales relacionadas con su discapacidad;40;Con derivación;"Informe de Osakidetza de Salud mental
Mínimo 33% discapacidad
Dependencia a valorar";Permanente;Copago
6;Ambulatorio;Centro de día;Estructural;AVIFES ;Barrio Sarrikue;s/n;48007;Bilbao;Bizkaia;;43.263012;-2.9349852;Personas con discapacidad y trastorno mental grave;Adultos;Discapacidad;Salud mental;----;Recurso centrado en las personas, que trabaja con planes estructurados y personalizados de mejora y capacitación en torno a distintas actividades terapéuticas y ocupacionales relacionadas con su discapacidad;56;Con derivación;"Informe de Osakidetza de Salud mental
Mínimo 33% discapacidad
Dependencia a valorar";Permanente;Copago
7;Ambulatorio;Centro de día;Estructural;AVIFES ;C/ General Salazar, 7;Piso: lonja;48012;Bilbao;Bizkaia;;43.255875;-2.9415407;Personas con discapacidad y trastorno mental grave;Adultos;Discapacidad;Salud mental;----;Recurso centrado en las personas, que trabaja con planes estructurados y personalizados de mejora y capacitación en torno a distintas actividades terapéuticas y ocupacionales relacionadas con su discapacidad;54;Con derivación;"Informe de Osakidetza de Salud mental
Mínimo 33% discapacidad
Dependencia a valorar";Permanente;Copago
8;Ambulatorio;Centro de día;Estructural;AVIFES;C/ Sabino Arana, 16;Piso: 16-18 lonja;48980;Santurtzi;Bizkaia;;43.330566;-3.0347059;Personas con discapacidad y trastorno mental grave;Adultos;Discapacidad;Salud mental;----;Recurso centrado en las personas, que trabaja con planes estructurados y personalizados de mejora y capacitación en torno a distintas actividades terapéuticas y ocupacionales relacionadas con su discapacidad;43;Con derivación;"Informe de Osakidetza de Salud mental
Mínimo 33% discapacidad
Dependencia a valorar";Permanente;Copago
9;Ambulatorio;Centro de día;Estructural;AVIFES;No se geolocaliza;;;;;;;;Personas con discapacidad y trastorno mental grave;Adultos;Discapacidad;Salud mental;----;Recurso centrado en las personas, que trabaja con planes estructurados y personalizados de mejora y capacitación en torno a distintas actividades terapéuticas y ocupacionales relacionadas con su discapacidad;26;Con derivación;"Informe de Osakidetza de Salud mental
Mínimo 33% discapacidad
Dependencia a valorar";Permanente;Copago
10;Ambulatorio;Centro de día;Estructural;Centro de día ARGIA;C/ Trinidad, 11;Localidad: Algorta;48993;Getxo;Bizkaia;;43.35325;-3.012062;Personas con discapacidad y trastorno mental grave;Adultos;Discapacidad;Salud mental;----;Recurso centrado en las personas, que trabaja con planes estructurados y personalizados de mejora y capacitación en torno a distintas actividades terapéuticas y ocupacionales relacionadas con su discapacidad;89;Con derivación;"Informe de Osakidetza de Salud mental
Mínimo 33% discapacidad
Dependencia a valorar";Permanente;Copago
11;Ambulatorio;Centro de día;Estructural;Centro de día Bizitegi - Irumineta;C/ Irumineta, 16;Piso: bajo;48004;Bilbao;Bizkaia;;43.256516;-2.8962564;Personas en situación de exclusión, con discapacidad por trastorno mental grave;Adultos;Discapacidad;Exclusión;Salud mental;Centro de día que ofrece un conjunto organizado y coordinado de actuaciones, y proporciona una atención habilitadora integral orientada, en todo lo posible, a facilitar  su desarrollo personal y social, su autonomía y su integración social;30;Con derivación;"Informe de Osakidetza de Salud mental
Valoración de exclusión";Temporal;Gratuito
12;Ambulatorio;Centro de día;Estructural;Centro de día Bizitegi - Zizeruene;C/ Zizeruena, 6;Piso: bajo;48004;Bilbao;Bizkaia;;43.260548;-2.9004064;Personas en situación de exclusión, con discapacidad por trastorno mental grave;Adultos;Discapacidad;Exclusión;Salud mental;Centro de día que ofrece un conjunto organizado y coordinado de actuaciones, y proporciona una atención habilitadora integral orientada, en todo lo posible, a facilitar  su desarrollo personal y social, su autonomía y su integración social;24;Con derivación;"Informe de Osakidetza de Salud mental
Valoración de exclusión";Temporal;Gratuito
13;Ambulatorio;Centro de día;Estructural;Centro de día de Rehabilitación Bizitegi;C/ Langaran, 22;Piso: bajo;48004;Bilbao;Bizkaia;;43.258728;-2.898014;Personas en situación de exclusión, con discapacidad por trastorno mental grave;Adultos;Discapacidad;Exclusión;Salud mental;Centro de día que ofrece un conjunto organizado y coordinado de actuaciones, y proporciona una atención habilitadora integral orientada, en todo lo posible, a facilitar  su desarrollo personal y social, su autonomía y su integración social;26;Con derivación;"Informe de Osakidetza de Salud mental
Valoración de exclusión";Temporal;Gratuito
14;Ambulatorio;Inserción laboral sociosanitaria;Funcional;ERAGINTZA (CO Cableado);C/ Etxerre, 16;Localidad: Urbi;48970;Basauri;Bizkaia;;43.2296;-2.8713698;Personas con discapacidad y  enfermedad mental ;Adultos;Discapacidad;Salud mental;----;Favorece la participación activa de las personas en la vida social, a través de programas de desarrollo personal que giran en torno a la  actividad productiva con el fin de favorecer su acceso al empleo, cuando resulte posible. Ofrece cursos de formación en el ámbito de habilidades sociales y búsqueda de empleo;;Con derivación;Red de Salud Mental de Osakidetza y de red privada;Temporal;Gratuito
15;Ambulatorio;Inserción laboral sociosanitaria;Funcional;ERAGINTZA (CO Encuadernación);Carretera Bilbao-Balmaseda, Km. 9;Elkartegi de Alonsotegi, Pabellón 38;48810;Alonsotegi;Bizkaia;;43.24524;-2.9894319;Personas con discapacidad y  enfermedad mental ;Adultos;Discapacidad;Salud mental;----;Favorece la participación activa de las personas en la vida social, a través de programas de desarrollo personal que giran en torno a la  actividad productiva con el fin de favorecer su acceso al empleo, cuando resulte posible. Ofrece cursos de formación en el ámbito de habilidades sociales y búsqueda de empleo;;Con derivación;Red de Salud Mental de Osakidetza y de red privada;Temporal;Gratuito
16;Ambulatorio;Inserción laboral sociosanitaria;Funcional;ERAGINTZA (CO de Jardinería);C/ Etxerre, 16;Localidad: Urbi;48970;Basauri;Bizkaia;;43.2296;-2.8713698;Personas con discapacidad y  enfermedad mental ;Adultos;Discapacidad;Salud mental;----;Favorece la participación activa de las personas en la vida social, a través de programas de desarrollo personal que giran en torno a la  actividad productiva con el fin de favorecer su acceso al empleo, cuando resulte posible. Ofrece cursos de formación en el ámbito de habilidades sociales y búsqueda de empleo;;Con derivación;Red de Salud Mental de Osakidetza y de red privada;Temporal;Gratuito
17;Ambulatorio;Inserción laboral sociosanitaria;Funcional;ERAGINTZA (CO Lavandería);C/ Etxerre, 16;Localidad: Urbi;48970;Basauri;Bizkaia;;43.2296;-2.8713698;Personas con discapacidad y  enfermedad mental ;Adultos;Discapacidad;Salud mental;----;Favorece la participación activa de las personas en la vida social, a través de programas de desarrollo personal que giran en torno a la  actividad productiva con el fin de favorecer su acceso al empleo, cuando resulte posible. Ofrece cursos de formación en el ámbito de habilidades sociales y búsqueda de empleo;;Con derivación;Red de Salud Mental de Osakidetza y de red privada;Temporal;Gratuito
18;Ambulatorio;Inserción laboral sociosanitaria;Funcional;ERAGINTZA (CO de Encintado);C/ Iruña, 17;"Piso: bajo
Deusto";48014;Bilbao;Bizkaia;;43.270638;-2.9496694;Personas con discapacidad y  enfermedad mental ;Adultos;Discapacidad;Salud mental;----;Favorece la participación activa de las personas en la vida social, a través de programas de desarrollo personal que giran en torno a la  actividad productiva con el fin de favorecer su acceso al empleo, cuando resulte posible. Ofrece cursos de formación en el ámbito de habilidades sociales y búsqueda de empleo;;Con derivación;Red de Salud Mental de Osakidetza y de red privada;Temporal;Gratuito
19;Ambulatorio;Inserción laboral sociosanitaria;Funcional;ERAGINTZA (LAVANINDU S.L.);Polígono industrial Martiartu, 18 B;Martiartu;48480;Arrigorriaga;Bizkaia;;43.18355;-2.897701;Personas con discapacidad y  enfermedad mental ;Adultos;Discapacidad;Salud mental;----;Favorece la participación activa de las personas en la vida social, a través de programas de desarrollo personal que giran en torno a la  actividad productiva con el fin de favorecer su acceso al empleo, cuando resulte posible. Ofrece cursos de formación en el ámbito de habilidades sociales y búsqueda de empleo;;Con derivación;Red de Salud Mental de Osakidetza y de red privada;Temporal;Gratuito
20;Ambulatorio;Centro de día;Funcional;ETORKINTZA;C/ Jon Arrospide, 11;;48014;Bilbao;Bizkaia;;43.26836;-2.9507675;Personas con adicciones a sustancias;Adultos;Adicciones;----;----;Recurso de alta exigencia dirigido a favorecer la adherencia al tratamiento terapeútico, promover el mantenimiento de la abstinencia, fomentar hábitos saludables y el desarrollo de capacidades de cara  a la superación de la adicción y, en su caso,  a la inclusión social;45;Con derivación;Etorkintza;Temporal;Gratuito
21;Ambulatorio;Centro de día;Funcional;IFAS CAD Bekoetxe ;C/ Doctor Ornilla, 1B;;48004;Bilbao;Bizkaia;;43.257236;-2.9040346;Personas con daño cerebral sobrevenido;Adultos;Discapacidad;----;----;Atención individualizada e integral, durante el periodo diurno;54;Con derivación;33% Discapacidad y Dependencia valorada;Permanente;Copago
22;Ambulatorio;Centro de día;Funcional;CAD Lurgorri;C/ Lurgorri, 1;;48300;Gernika-Lumo;Bizkaia;;43.305805;-2.6823094;Personas con daño cerebral sobrevenido;Adultos;Discapacidad;----;----;Atención individualizada e integral, durante el periodo diurno;15;Con derivación;33% Discapacidad y Dependencia valorada;Permanente;Copago
23;Ambulatorio;Centro de día;Funcional;FEKOOR,CAD Arbolarte ;C/ Blas de Otero, 63;;48014;Bilbao;Bizkaia;;43.26984;-2.953036;Personas con discapacidad física;Adultos;Discapacidad;----;----;Atención individualizada e integral, durante el periodo diurno;52;Con derivación;33% Discapacidad y Dependencia valorada;Permanente;Copago
24;Ambulatorio;Centro de día;Funcional;GIZAKIA;Avenida Madariaga, 63;;48014;Bilbao;Bizkaia;;43.270634;-2.9540255;Personas con adicciones a sustancias;Adultos;Adicciones;----;----;Recurso de baja exigencia dirigido a favorecer la adherencia al tratamiento terapeútico, promover el mantenimiento de la abstinencia, fomentar hábitos saludables y el desarrollo de capacidades de cara  a la superación de la adicción y, en su caso,  a la inclusión social;27;Con derivación;Gizakia;Temporal;Gratuito
25;Ambulatorio;Módulo de asistencia psicosocial;Estructural;AUZOLAN;C/ Naja, 5;;48003;Bilbao;Bizkaia;;43.257896;-2.927695;Población destinataria del programa de  mujer y personas con adicciones. Personas en situación de riesgo de  desprotección o exclusión.;Adultos;Discapacidad;Exclusión;Salud mental;"Tratamiento ambulatorio, de adicciones, programa de la mujer y tratamiento ambulatorio psiquiátrico integral infanto juvenil
Atención psicológica adultos y menores, defensa judicial, asesoramiento y orientación sociosanitaria";;Con y sin derivación;Derivación normalizada desde atención primaria sanitaria (adicciones) y desde servicios municipales;Ambulatoria;Gratuito
26;Ambulatorio;Módulo de asistencia psicosocial;Estructural;REKALDE;C/ Camilo Villabaso, 24;;48002;Bilbao;Bizkaia;;43.25183;-2.947795;Población destinataria del programa de  mujer y personas con adicciones. Personas en situación de riesgo de  desprotección o exclusión.;Adultos;Adicciones;Exclusión;----;"Tratamiento ambulatorio, adicciones y programa de la mujer
Atención psicológica adultos y menores, defensa judicial, asesoramiento y orientación sociosanitaria";;Con y sin derivación;Derivación normalizada desde atención primaria sanitaria (adicciones) y desde servicios municipales;Ambulatoria;Gratuito
27;Ambulatorio;Módulo de asistencia psicosocial;Estructural;SAN INAZIO;Plaza Aoiz;s/n;48015;Bilbao;Bizkaia;;43.27823;-2.9605348;Población destinataria del programa de  mujer, personas con adicciones y población infanto juvenil con trastorno mental. Personas en situación de riesgo de  desprotección o exclusión.;Adultos;Adicciones;Exclusión;Salud mental;"Tratamiento ambulatorio, de adicciones, programa de la mujer y tratamiento ambulatorio psiquiátrico integral infanto juvenil Atención psicológica adultos y menores, defensa judicial, asesoramiento y orientación sociosanitaria";;Con y sin derivación;Derivación normalizada desde atención primaria sanitaria (adicciones) y desde servicios municipales;Ambulatoria;Gratuito
28;Residencial;Otros recursos residenciales;Funcional;AITA MENNI HOSPITAL CASA DE HH HOSPITALARIAS. UNIDAD RESIDENCIAL DE DISCAPACIDAD PSÍQUICA;Gesalibar Auzoa, 15;;20509;Arrasate/Mondragón;Gipuzkoa;;43.06226;-2.52997;Personas con discapacidad intelectual con enfermedad mental y/o trastornos de conducta;Adultos;Discapacidad;Salud mental;----;Cobertura de la atención  recibida a personas con discapacidad intelectual ;12;Con derivación;Informe de Diputación Foral;Ambulatoria;Copago
29;Residencial;Otros recursos residenciales;Funcional;Centro PRISMA;No se geolocaliza;"C/ Torre del Cerezo, 17
50820";;San Juan de Mozarrifar;Zaragoza;;;;Menores con enfermedad mental y medida de protecció;Menores;Salud mental;----;----;Cobertura de la atención  recibida a personas con trastornos mentales infanto juveniles;4;Con derivación;"Acuerdo de la Comisión de protección a la infancia
Autorización judicial";Temporal;Gratuito
30;Residencial;Miniresidencia - URTMG;Funcional;Sanatorio residencial San Ignacio de Loiola;Barrio Peruri, 4;Localidad: Artatza | Peruri;48940;Leioa;Bizkaia;;43.32782;-3.00447;Personas con trastorno mental grave;Adultos;Salud mental;----;----;Cobertura de la atención sanitaria recibida por pacientes con Salud mental;19;Con derivación;Informe de derivación de Osakidetza (salud mental);Permanente;Gratuito
31;Ambulatorio;Servicio de ayuda a domicilio;Auxiliar;BLISTER;No se geolocaliza;;;;Bizkaia;;;;Personas usuarias del servicio de ayuda a domicilio;Adultos;Dependencia;Discapacidad;----;Colaboración del SAD con el sistema farmacéutico local para la dispensación, seguimiento y control de la medicación;;Con derivación;Personas usuarias del SAD;Temporal;Gratuito
32;Ambulatorio;Servicio de ayuda a domicilio;Auxiliar;Servicio de ayuda a domicilio (SAD);No se geolocaliza;;;;Bizkaia;;;;Personas mayores con dificultades de autonomía personal y personas o unidades familiares en riesgo de conflicto social;Adultos;Dependencia;Exclusión;----;Servicio integral, polivalente y comunitario que proporciona atención directa en el propio hogar, mediante intervenciones específicas que favorezcan su permanencia en el entorno habitual;;Con derivación;"Valoración de dependencia
";Temporal;Copago
33;Ambulatorio;Servicio de ayuda a domicilio;Auxiliar;ON EGIN;C/ Marqués de Valdespina, 1;;48260;Ermua;Bizkaia;;43.186012;-2.5021565;Personas con necesidades nutricionales especiales y sin garantías de autocuidado;Adultos;Dependencia;Discapacidad;----;Tramitación del servicio de comida a domicilio;;Con derivación;Valoración servicios municipales;< Dato desconocido >;
34;Ambulatorio;Otras prestaciones;Auxiliar;ZAINDUZ;C/ Marqués de Valdespina, 1;;48260;Ermua;Bizkaia;;43.186012;-2.5021565;Personas en situación de dependencia. Cuidadores.;Adultos;Dependencia;----;----;Talleres de formación, técnicas de higiene y movilización, técnicas de autocuidado. Grupos de apoyo psicológico para cuidadores.;;Con derivación;"Valoración de dependencia
";< Dato desconocido >;Gratuito
35;Ambulatorio;Otras prestaciones;Estructural;ZAINDUZ;C/ Gatzarrine, 4;"Piso: bajo
Localidad: Ugeraga";48600;Sopela;Bizkaia;Mancomunidad de Servicios Uribe Kosta;43.37636;-2.9899693;Personas en situación de dependencia. Cuidadores.;Adultos;Dependencia;----;----;Talleres de formación, técnicas de higiene y movilización, técnicas de autocuidado. Grupos de apoyo psicológico para cuidadores.;;Con y sin derivación;"Valoración de dependencia
";< Dato desconocido >;Gratuito
36;Ambulatorio;Servicio de ayuda a domicilio;Auxiliar;Comida a domicilio;C/ Aita Elorriaga, 4;Piso: bajo;48100;Mungia;Bizkaia;Consorcio Mungialde de Servicios Sociales;43.353428;-2.8457623;;;Dependencia;----;----;Tramitación del servicio de comida a domicilio;;Con derivación;;< Dato desconocido >;Copago
37;Ambulatorio;Otras prestaciones;Auxiliar;Jagoten programa;C/ Aita Elorriaga, 4;Piso: bajo;48100;Mungia;Bizkaia;Consorcio Mungialde de Servicios Sociales;43.353428;-2.8457623;Personas en situación de dependencia. Cuidadores.;Adultos;Dependencia;----;----;Talleres de formación, técnicas de higiene y movilización, técnicas de autocuidado. Grupos de apoyo psicológico para cuidadores.;;Sin derivación;Valoración a la dependencia;< Dato desconocido >;Copago
39;Ambulatorio;Servicio de ayuda a domicilio;Auxiliar;Comida a domicilio ;Urgoiti, 57;;48480;Arrigorriaga;Bizkaia;;43.20636;-2.8879442;;;Dependencia;----;----;Tramitación del servicio de comida a domicilio;;Con derivación;;< Dato desconocido >;Copago
42;Ambulatorio;Servicio de ayuda a domicilio;Auxiliar;Comida a domicilio ;C/ Iturritza, 51;Localidad: Berriz-Olakueta;48240;Berriz;Bizkaia;;43.174847;-2.5775428;;;Dependencia;----;----;Tramitación del servicio de comida a domicilio;;Con derivación;;< Dato desconocido >;Copago
50;Ambulatorio;Reducción de daños en adicciones;Funcional;GIZAKIA;C/ Bailén, 1;;48003;Bilbao;Bizkaia;;43.259617;-2.9263296;Personas con adicciones a sustancias;Adultos;Adicciones;----;----;Espacio habilitado para que el consumo de drogas se realice en una situación tranquila, controlada, en condiciones de higiene ;;Sin derivación;Espontánea;Temporal;Gratuito
51;Ambulatorio;Asistencia ambulatoria;Funcional;APNABI;C/ Navarro Villoslada s/n;;48015;Bilbao;Bizkaia;;43.277344;-2.9596667;Personas con discapacidad y trastorno del espectro autista;Menores;Discapacidad;Salud mental;----;Tratamiento ambulatorio psiquiátrico integral;;Con derivación;Informe de Osakidetza de TA;Temporal;Gratuito
52;Residencial;Comunidad terapéutica;Funcional;ETORKINTZA;Barrio Santa Ana, 15;;48315;Kortezubi;Bizkaia;;43.33676;-2.6427298;Personas con adicciones a sustancias;Adultos;Adicciones;----;----;Espacio mixto residencial y ocupacional que ofrece un contexto convivencial intensivo, con carácter voluntario y transitorio;26;Con derivación;Derivación desde Osakidetza-salud mental;Temporal;Gratuito
53;Residencial;Comunidad terapéutica;Funcional;GIZAKIA;Barrio Zubiete, 59-61;Localidad: Zubiete;48192;Gordexola;Bizkaia;;43.185787;-3.0617688;Personas con adicciones a sustancias;Adultos;Adicciones;----;----;Espacio mixto residencial y ocupacional que ofrece un contexto convivencial intensivo, con carácter voluntario y transitorio;42;Con derivación;Derivación desde Osakidetza-salud mental;Temporal;Gratuito
54;Residencial;Comunidad terapéutica;Funcional;Hogar IZARRA;C/ Zizeruena, 31;;48004;Bilbao;Bizkaia;;43.261776;-2.898894;Personas con trastorno mental grave;Adultos;Salud mental;----;----;Espacio residencial, programa de rehaiblitación;13;Con derivación;Informe de Osakidetza de Salud mental;Temporal;Gratuito
55;Residencial;Convalecencia sociosanitaria - URSS;Funcional;ATSEDENA;Estrada San Agustín, 6;Piso: 1º;48007;Bilbao;Bizkaia;;43.266;-2.92288;Personas en situación de exclusión con VIH;Adultos;Exclusión;----;----;Proporciona estancias de corta duración para garantizar la continuidad de cuidados al alta hospitalaria;7;Con derivación;Derivación desde Hospitales de agudos;Temporal;Gratuito
56;Residencial;Convalecencia sociosanitaria - URSS;Estructural;AURRERANTZ;C/ Doctor Díaz Emparanza, 43;;48002;Bilbao;Bizkaia;;43.255203;-2.948269;Personas en situación de exclusión y situación de convalecencia;Adultos;Dependencia;Exclusión;----;Programa de media estancia para personas en situación de grave exclusión social con necesidad de convalecencia;9;Con derivación;Derivación desde OSI Bilbao-Basurto;Temporal;Gratuito
57;Residencial;Convalecencia sociosanitaria - URSS;Funcional;AURRERANTZ;C/ Banco España;s/n;48005;Bilbao;Bizkaia;;43.257854;-2.922954;Personas que tengan servicio de Ayuda a Domicilio municipal en situación de convalecencia;Adultos;Dependencia;----;----;Programa de media estancia para personas en situación de grave exclusión social con necesidad de convalecencia;14;Con derivación;Derivación desde OSI Bilbao-Basurto o Servicios Sociales del municipio de Bilbao;Temporal;Copago
58;Residencial;Convalecencia sociosanitaria - URSS;Estructural;Unidades residenciales sociosanitarias;Barrio San Miguel s/n;;48340;Amorebieta-Etxano;Bizkaia;;43.204205;-2.698293;Personas en situación de convalecencia y necesidades sociosanitarias;Adultos;Dependencia;----;----;Programa de atención temporal a personas dependientes crónico frágiles en unidades residenciales sociosanitarias;27;Con derivación;"Derivación desde Osakidetza-hospitales
Paso por Comisión";Temporal;Copago
59;Residencial;Convalecencia sociosanitaria - URSS;Estructural;Unidades residenciales sociosanitarias;C/ Doctor Ornilla, 1B;;48004;Bilbao;Bizkaia;;43.257236;-2.9040346;Personas en situación de convalecencia y necesidades sociosanitarias;Adultos;Dependencia;----;----;Programa de atención temporal a personas dependientes crónico frágiles en unidades residenciales sociosanitarias;60;Con derivación;"Derivación desde Osakidetza-hospitales
Paso por Comisión";Temporal;Copago
60;Residencial;Convalecencia sociosanitaria - URSS;Estructural;Unidades residenciales sociosanitarias;Grupo La Florida;s/n;48920;Portugalete;Bizkaia;;43.318165;-3.0243979;Personas en situación de convalecencia y necesidades sociosanitarias;Adultos;Dependencia;----;----;Programa de atención temporal a personas dependientes crónico frágiles en unidades residenciales sociosanitarias;27;Con derivación;"Derivación desde Osakidetza-hospitales
Paso por Comisión";Temporal;Copago
61;Residencial;Otros recursos residenciales;Estructural;HONTZA;C/ Ribera, 24;;48005;Bilbao;Bizkaia;;43.255337;-2.9232028;Personas en situación de exclusión ;Adultos;Adicciones;Exclusión;----;Espacio de albergue nocturno en personas con adicciones, reducción de daños;17;Con y sin derivación;Servicio municipal de atenciones básicas a personas sin techo;Temporal;Gratuito
62;Residencial;Miniresidencia - URTMG;Funcional;Asociación ALEGRÍA;Barrio Cendeja, 25;;48550;Muskiz;Bizkaia;;43.32161;-3.1190822;"Personas con trastorno mental grave
< 60 años";Adultos;Discapacidad;Salud mental;----;Residencia de carácter sociosanitario y comunitario que permite ofrecer un lugar para vivir y una red de apoyo adaptado a las capacidades de las personas, orientada a facilitar su desarrollo personal y social, su autonomía y su integración social;6;Con derivación;"Informe de Osakidetza de Salud mental
Mínimo 33% discapacidad
Dependencia a valorar";Permanente;Copago
63;Residencial;Viviendas con apoyos;Funcional;Asociación ALEGRÍA;Barrio San Julián, 23;;48550;Muskiz;Bizkaia;;43.333515;-3.1120193;"Personas con trastorno mental grave
< 60 años";Adultos;Discapacidad;Salud mental;----;Residencia de carácter sociosanitario y comunitario que permite ofrecer un lugar para vivir y una red de apoyo adaptado a las capacidades de las personas, orientada a facilitar su desarrollo personal y social, su autonomía y su integración social;5;Con derivación;"Informe de Osakidetza de Salud mental
Mínimo 33% discapacidad
Dependencia a valorar";Permanente;Copago
64;Residencial;Miniresidencia - URTMG;Estructural;OIZPE EGOITZA;C/ Olabarri, 8;Localidad: Munitibar;48381;Munitibar-Arbatzegi Gerrikaitz;Bizkaia;;43.26973;-2.59597;"Personas con discapacidad y trastorno mental grave
< 60 años";Adultos;Discapacidad;Salud mental;----;Residencia de carácter socio-sanitario y comunitario que permite ofrecer un lugar para vivir y una red de apoyo adaptado a las capacidades de las personas;25;Con derivación;"Informe de Osakidetza de Salud mental
Mínimo 33% discapacidad
Dependencia a valorar";Permanente;Copago
65;Residencial;Miniresidencia - URTMG;Estructural;Residencia Bizitegi - IRUMINETXE;C/ Irumineta, 28;Piso: bajo;48004;Bilbao;Bizkaia;;43.257195;-2.89507;"Personas en situación de exclusión, con discapacidad y trastorno mental grave
< 60 años";Adultos;Discapacidad;Exclusión;Salud mental;Residencia de carácter sociosanitario y comunitario que permite ofrecer un lugar para vivir y una red de apoyo adaptado a las capacidades de las personas, orientada a facilitar su desarrollo personal y social, su autonomía y su integración social;7;Con derivación;"Informe de Osakidetza de Salud mental
Valoración de exclusión";Temporal;Gratuito
66;Residencial;Miniresidencia - URTMG;Estructural;Residencia ZURIMENDI (ARGIA);Barrio San Pedro s/n;;48191;Galdames;Bizkaia;;43.25322;-3.0983286;Personas con discapacidad y trastorno mental grave;Adultos;Discapacidad;Salud mental;----;Residencia de carácter socio-sanitario y comunitario que permite ofrecer un lugar para vivir y una red de apoyo adaptado a las capacidades de las personas;18;Con derivación;"Informe de Osakidetza de Salud mental
Mínimo 33% discapacidad
Dependencia a valorar";Permanente;Copago
67;Residencial;Miniresidencia - URTMG;Funcional;ZUBIETXE (Anboto);Avenida Zumalacárregui, 30;Piso: 4º B;48006;Bilbao;Bizkaia;;43.261047;-2.915272;"Personas en situación de exclusión, con discapacidad y/o trastorno mental grave
< 60 años";Adultos;Discapacidad;Exclusión;Salud mental;Residencia de carácter sociosanitario y comunitario que permite ofrecer un lugar para vivir y una red de apoyo adaptado a las capacidades de las personas, orientada a facilitar su desarrollo personal y social, su autonomía y su integración social;6;Con derivación;"Informe de Osakidetza de Salud mental
Valoración de exclusión
";Temporal;Gratuito
68;Residencial;Miniresidencia - URTMG;Funcional;ZUBIETXE (Santutxu);C/ Pablo Zamarripa, 10;Piso: 2º C;48006;Bilbao;Bizkaia;;43.256187;-2.9126103;"Personas en situación de exclusión, con discapacidad y/o trastorno mental grave
< 60 años";Adultos;Discapacidad;Exclusión;Salud mental;Residencia de carácter sociosanitario y comunitario que permite ofrecer un lugar para vivir y una red de apoyo adaptado a las capacidades de las personas, orientada a facilitar su desarrollo personal y social, su autonomía y su integración social;6;Con derivación;"Informe de Osakidetza de Salud mental
Valoración de exclusión
";Temporal;Gratuito
69;Residencial;Miniresidencia - URTMG;Funcional;ZUBIETXE (Zumalakarregi);Avenida Zumalacárregui, 38;Piso: 2º izqda.;48006;Bilbao;Bizkaia;;43.26055;-2.9149704;"Personas en situación de exclusión, con discapacidad y/o trastorno mental grave
< 60 años";Adultos;Discapacidad;Exclusión;Salud mental;Residencia de carácter sociosanitario y comunitario que permite ofrecer un lugar para vivir y una red de apoyo adaptado a las capacidades de las personas, orientada a facilitar su desarrollo personal y social, su autonomía y su integración social;6;Con derivación;"Informe de Osakidetza de Salud mental
Valoración de exclusión
";Temporal;Gratuito
70;Residencial;Miniresidencia - URTMG;Estructural;BEGOÑALDE (ARGIA);Begoñalde, 5;Piso: bajo;48007;Bilbao;Bizkaia;;43.261875;-2.9139314;Personas con discapacidad y trastorno mental grave;Adultos;Discapacidad;Salud mental;----;Residencia de carácter socio-sanitario y comunitario que permite ofrecer un lugar para vivir y una red de apoyo adaptado a las capacidades de las personas;11;Con derivación;"Informe de Osakidetza de Salud mental
Valoración de exclusión
";Permanente;Copago
71;Residencial;Otros recursos residenciales;Funcional;HERMANDAD DE SAN JUAN DE DIOS - SANATORIO  MARÍTIMO;No se geolocaliza;;;Gijón;Asturias;;;;"Personas con discapacidad intelectual con enfermedad mental y/o trastornos de conducta
";Adultos;Discapacidad;Salud mental;----;Recurso de convivencia destinado a servir de vivienda habitual o permanente y, en su caso, temporal a personas con dependencia y/o discapacidad;20;Con derivación;33% Discapacidad y Dependencia valorada;Permanente;Copago
72;Residencial;Otros recursos residenciales;Funcional;COLEGIO NUESTRA SRA. DE FÁTIMA DON ORIONE HIJOS DE LA DIVINA PROVIDENCIA;No se geolocaliza;;;Llanes;Asturias;;;;"Personas con discapacidad intelectual con enfermedad mental y/o trastornos de conducta
";Adultos;Discapacidad;Salud mental;----;Recurso de convivencia destinado a servir de vivienda habitual o permanente y, en su caso, temporal a personas con dependencia y/o discapacidad;19;Con derivación;33% Discapacidad y Dependencia valorada;Permanente;Copago
73;Residencial;Otros recursos residenciales;Funcional;RESIDENCIA LOS ROBLES;No se geolocaliza;9569;;Villasante de Montija;"Burgos
";;;;"Personas con discapacidad intelectual con enfermedad mental y/o trastornos de conducta
";Adultos;Discapacidad;Salud mental;----;Recurso de convivencia destinado a servir de vivienda habitual o permanente y, en su caso, temporal a personas con dependencia y/o discapacidad;17;Con derivación;33% Discapacidad y Dependencia valorada;Permanente;Copago
74;Residencial;Otros recursos residenciales;Funcional;COMPLEJO HOSPITALARIO SAN LUIS HH. HOSPITALARIAS DEL SAGRADO CORAZÓN DE JESÚS;No se geolocaliza;34004;;Palencia;Palencia;;;;"Personas con discapacidad intelectual con enfermedad mental y/o trastornos de conducta
";Adultos;Discapacidad;Salud mental;----;Recurso de convivencia destinado a servir de vivienda habitual o permanente y, en su caso, temporal a personas con dependencia y/o discapacidad;16;Con derivación;33% Discapacidad y Dependencia valorada;Permanente;Copago
75;Residencial;Otros recursos residenciales;Funcional;HERMANAS HOSPITALARIAS DEL SAGRADO CORAZÓN DE JESÚS. RESIDENCIA BENITO MENNI;No se geolocaliza;;;Elizondo;Navarra;;;;"Personas con discapacidad intelectual con enfermedad mental y/o trastornos de conducta
";Adultos;Discapacidad;Salud mental;----;Recurso de convivencia destinado a servir de vivienda habitual o permanente y, en su caso, temporal a personas con dependencia y/o discapacidad;17;Con derivación;33% Discapacidad y Dependencia valorada;Permanente;Copago
76;Residencial;Otros recursos residenciales;Funcional;CENTRO ASISTENCIAL S.JUAN DE DIOS;No se geolocaliza;"Paseo Padre Faustino Calvo s/n
34005";;Palencia;Palencia;;;;"Personas con discapacidad intelectual con enfermedad mental y/o trastornos de conducta
";Adultos;Discapacidad;Salud mental;----;Recurso de convivencia destinado a servir de vivienda habitual o permanente y, en su caso, temporal a personas con dependencia y/o discapacidad;52;Con derivación;33% Discapacidad y Dependencia valorada;Permanente;Copago
77;Residencial;Otros recursos residenciales;Funcional;OBRA BENÉFICA SAN MARTÍN;No se geolocaliza;;;Santander;"Santander
";;;;"Personas con discapacidad intelectual con enfermedad mental y/o trastornos de conducta
";Adultos;Discapacidad;Salud mental;----;Recurso de convivencia destinado a servir de vivienda habitual o permanente y, en su caso, temporal a personas con dependencia y/o discapacidad;30;Con derivación;33% Discapacidad y Dependencia valorada;Permanente;Copago
78;Residencial;Otros recursos residenciales;Funcional;INSTITUTO MÉDICO PEDAGÓGICO-HERMANOS DE SAN JUAN DE DIOS;No se geolocaliza;;;Valladolid;Valladolid;;;;Personas con discapacidad intelectual con enfermedad mental y/o trastornos de conducta;Adultos;Discapacidad;Salud mental;----;Recurso de convivencia destinado a servir de vivienda habitual o permanente y, en su caso, temporal a personas con dependencia y/o discapacidad;4;Con derivación;33% Discapacidad y Dependencia valorada;Permanente;Copago
79;Residencial;Residencia;Funcional;CENTRO ASISTENCIAL URDUÑA. IFAS;Paseo del Prado nº 12;;48460;Urduña/Orduña;Bizkaia;;43.01092;-3.0061214;Personas con discapacidad intelectual con enfermedad mental y/o trastornos de conducta;Adultos;Discapacidad;----;----;Recurso de convivencia destinado a servir de vivienda habitual o permanente y, en su caso, temporal a personas con dependencia y/o discapacidad;38;Con derivación;33% Discapacidad y Dependencia valorada;Permanente;Copago
80;Residencial;Residencia;Funcional;CENTRO ASISTENCIAL BIRJINETXE. IFAS;C/ Doctor Ornilla, 1B;;48004;Bilbao;Bizkaia;;43.257236;-2.9040346;Personas con discapacidad física;Adultos;Discapacidad;----;----;Recurso de convivencia destinado a servir de vivienda habitual o permanente y, en su caso, temporal a personas con dependencia y/o discapacidad;40;< Dato desconocido >;33% Discapacidad y Dependencia valorada;Permanente;Copago
81;Residencial;Residencia;Funcional;HOGAR CLÍNICA SAN JUAN DE DIOS (SANTURTZI);Av. de Cristóbal de Murrieta, 70;;48980;Santurtzi;Bizkaia;;43.325058;-3.025977;Personas con discapacidad física;Adultos;Discapacidad;----;----;Recurso de convivencia destinado a servir de vivienda habitual o permanente y, en su caso, temporal a personas con dependencia y/o discapacidad;24;< Dato desconocido >;33% Discapacidad y Dependencia valorada;Permanente;Copago
82;Residencial;Residencia;Funcional;RESIDENCIA URIZARTORRE (ADEMBI);Grupo Torreurizar;s/n;48012;Bilbao;Bizkaia;;43.252262;-2.935017;Personas con discapacidad física;Adultos;Discapacidad;----;----;Recurso de convivencia destinado a servir de vivienda habitual o permanente y, en su caso, temporal a personas con dependencia y/o discapacidad;16;< Dato desconocido >;33% Discapacidad y Dependencia valorada;Permanente;Copago
83;Residencial;Otros recursos residenciales;Auxiliar;Prestación concertada;Gesalibar Auzoa, 14;;20509;Arrasate/Mondragón;Gipuzkoa;;43.06519;-2.52961;Personas históricamente desplazadas con trastorno mental grave o discapacidad intelectual;Adultos;Discapacidad;Salud mental;----;Cobertura de la atención sanitaria recibida por pacientes históricamente desplazados;114;n/a: No aplica;No hay derivación;Permanente;Gratuito
84;Residencial;Otros recursos residenciales;Auxiliar;Prestación concertada;No se geolocaliza;"Paseo Padre Faustino Calvo s/n
34005";;Palencia;Palencia;;;;Personas históricamente desplazadas con trastorno mental grave o discapacidad intelectual;Adultos;Discapacidad;Salud mental;----;Cobertura de la atención sanitaria recibida por pacientes históricamente desplazados;10;n/a: No aplica;No hay derivación;Permanente;Gratuito
85;Residencial;Otros recursos residenciales;Auxiliar;Prestación concertada;San Esteban Kalea, 47;;20170;Usurbil;Gipuzkoa;;43.26903;-2.0504878;Personas históricamente desplazadas con trastorno mental grave o discapacidad intelectual;Adultos;Discapacidad;Salud mental;----;Cobertura de la atención sanitaria recibida por pacientes históricamente desplazados;2;n/a: No aplica;No hay derivación;Permanente;Gratuito
86;Residencial;Otros recursos residenciales;Funcional;Unidades residenciales psiquiátricas;Tonpoi Bidea, 2;;48370;Bermeo;Bizkaia;;43.422043;-2.7221029;Personas con trastorno mental candidatos a residencias y viviendas con apoyos;Adultos;Salud mental;----;----;Personas pendientes de externalizar por falta de recursos;86;n/a: No aplica;No hay derivación;Permanente;Gratuito
87;Residencial;Otros recursos residenciales;Funcional;Unidades residenciales psiquiátricas;Avenida Bilbo;s/n;48250;Zaldibar;Bizkaia;;43.17032;-2.5492666;Personas con trastorno mental candidatos a residencias y viviendas con apoyos;Adultos;Salud mental;----;----;Personas pendientes de externalizar por falta de recursos;58;n/a: No aplica;No hay derivación;Permanente;Gratuito
88;Residencial;Residencia;Funcional;AUKERA;Estrada San Agustín, 6;Piso: 2º;48007;Bilbao;Bizkaia;;43.266;-2.92288;Personas en situación de exclusión social, dependencia y VIH;Adultos;Dependencia;Exclusión;----;Programa residencial que permite ofrecer un lugar para vivir y una red de apoyo adaptado a las capacidades de las personas;15;Con derivación;"Informe de Osakidetza
Valoración de la exclusión
Derivación desde servicios sociales de base y secundario";Temporal;Gratuito
89;Residencial;Residencia;Funcional;BEATA MARIA JOSEFA;C/ Hernani, 4;;48003;Bilbao;Bizkaia;;43.257275;-2.9277987;Personas en situación de exclusión social, dependencia y VIH;Adultos;Dependencia;Exclusión;----;Programa residencial de larga estancia que permite ofrecer un lugar para vivir y una red de apoyo adaptado a las capacidades de las personas;13;Con derivación;"Informe de Osakidetza
Valoración de la exclusión
Derivación desde servicios sociales de base y secundario";Temporal;Gratuito
90;Residencial;Residencia;Funcional;RESIDENCIA CARRANZA;Barrio Soscaño, 3;Localidad: Soscaño;48891;Karrantza Harana/Valle de Carranza;Bizkaia;;43.22325;-3.3632803;Personas mayores dependientes con enfermedad mental grave;Adultos;Dependencia;Discapacidad;Salud mental;Programa residencial que permite ofrecer un lugar para vivir y una red de apoyo adaptado a las capacidades de las personas;5;Con derivación;"Derivación desde Osakidetza-salud mental
Paso por Comisión";Permanente;Copago
91;Residencial;Residencia;Funcional;RESIDENCIA URIBARREN;Avenida Iñigo Artieta, 2;;48280;Lekeitio;Bizkaia;;43.359283;-2.5061593;Personas mayores dependientes con enfermedad mental grave;Adultos;Dependencia;Discapacidad;Salud mental;Programa residencial que permite ofrecer un lugar para vivir y una red de apoyo adaptado a las capacidades de las personas;5;Con derivación;"Derivación desde Osakidetza-salud mental
Paso por Comisión";Permanente;Copago
92;Residencial;Viviendas con apoyos;Estructural;AVIFES;C/ San Isidro, 7;Piso: bajo izqda.;48007;Bilbao;Bizkaia;;43.260128;-2.9129467;Personas con discapacidad y trastorno mental grave;Adultos (mujeres);Salud mental;Discapacidad;----;Espacio residencial integrado en el desarrollo del proyecto de vida de cada una de las personas atendidas;4;Con derivación;"Informe de Osakidetza de Salud mental, 
Paso por Comisión (33% y valoración de dependencia)";Permanente;Copago
93;Residencial;Viviendas con apoyos;Estructural;AVIFES;Barrio Zurbarambarri, 39;Piso: 3º D;48007;Bilbao;Bizkaia;;43.26499;-2.9112928;Personas con discapacidad y trastorno mental grave;Adultos (mujeres);Salud mental;Discapacidad;----;Espacio residencial integrado en el desarrollo del proyecto de vida de cada una de las personas atendidas;4;Con derivación;"Informe de Osakidetza de Salud mental, 
Paso por Comisión (33% y valoración de dependencia)";Permanente;Copago
94;Residencial;Viviendas con apoyos;Estructural;AVIFES;Avenida Lehendakari Aguirre, 156;Piso: 5º izqda.;48015;Bilbao;Bizkaia;;43.27934;-2.9613903;Personas con discapacidad y trastorno mental grave;Adultos (mujeres);Salud mental;Discapacidad;----;Espacio residencial integrado en el desarrollo del proyecto de vida de cada una de las personas atendidas;4;Con derivación;"Informe de Osakidetza de Salud mental, 
Paso por Comisión (33% y valoración de dependencia)";Permanente;Copago
95;Residencial;Viviendas con apoyos;Estructural;AVIFES;C/ Navarro Villoslada, 1;Piso: 5º izqda.;48015;Bilbao;Bizkaia;;43.276745;-2.9619367;Personas con discapacidad y trastorno mental grave;Adultos (mujeres);Salud mental;Discapacidad;----;Espacio residencial integrado en procesos de tratamiento integral para el desarrollo del proyecto de vida con itinerario de exclusión de cada una de las personas atendidas;4;Con derivación;"Informe de Osakidetza de Salud mental, 
Paso por Comisión (33% y valoración de dependencia)";Permanente;Copago
96;Residencial;Viviendas con apoyos;Estructural;AVIFES;C/ Independentzia, 1;"Piso: 4º A
Localidad: Elexalde | Ondiz";48940;Leioa;Bizkaia;;43.323116;-2.9873333;Personas con discapacidad y trastorno mental grave;Adultos (mujeres);Salud mental;Discapacidad;----;Espacio residencial integrado en procesos de tratamiento integral para el desarrollo del proyecto de vida con itinerario de exclusión de cada una de las personas atendidas;4;Con derivación;"Informe de Osakidetza de Salud mental, 
Paso por Comisión (33% y valoración de dependencia)";Permanente;Copago
97;Residencial;Viviendas con apoyos;Estructural;AVIFES;C/ José María Ugarteburu, 22;Piso: 8º E;48007;Bilbao;Bizkaia;;43.261517;-2.9123106;Personas con discapacidad y trastorno mental grave;Adultos (hombres);Salud mental;Discapacidad;----;Espacio residencial integrado en procesos de tratamiento integral para el desarrollo del proyecto de vida con itinerario de exclusión de cada una de las personas atendidas;4;Con derivación;"Informe de Osakidetza de Salud mental, 
Paso por Comisión (33% y valoración de dependencia)";Permanente;Copago
98;Residencial;Viviendas con apoyos;Estructural;AVIFES;Caserío Landaburu, 3;Piso: 2º izqda.-dcha.;48004;Bilbao;Bizkaia;;43.252903;-2.9149535;Personas con discapacidad y trastorno mental grave;Adultos (hombres);Salud mental;Discapacidad;----;Espacio residencial integrado en procesos de tratamiento integral para el desarrollo del proyecto de vida con itinerario de exclusión de cada una de las personas atendidas;3;Con derivación;"Informe de Osakidetza de Salud mental, 
Paso por Comisión (33% y valoración de dependencia)";Permanente;Copago
99;Residencial;Viviendas con apoyos;Estructural;AVIFES;C/ Tiboli, 23;Piso: 1º dcha.;48007;Bilbao;Bizkaia;;43.26885;-2.925327;Personas con discapacidad y trastorno mental grave;Adultos (hombres);Salud mental;Discapacidad;----;Espacio residencial integrado en procesos de tratamiento integral para el desarrollo del proyecto de vida con itinerario de exclusión de cada una de las personas atendidas;3;Con derivación;"Informe de Osakidetza de Salud mental, 
Paso por Comisión (33% y valoración de dependencia)";Permanente;Copago
100;Residencial;Viviendas con apoyos;Estructural;AVIFES;C/ Islas Canarias, 87;Piso: 5º A;48015;Bilbao;Bizkaia;;43.28073;-2.9648206;Personas con discapacidad y trastorno mental grave;Adultos (hombres);Salud mental;Discapacidad;----;Espacio residencial integrado en procesos de tratamiento integral para el desarrollo del proyecto de vida con itinerario de exclusión de cada una de las personas atendidas;4;Con derivación;"Informe de Osakidetza de Salud mental, 
Paso por Comisión (33% y valoración de dependencia)";Permanente;Copago
101;Residencial;Viviendas con apoyos;Estructural;AVIFES;C/ Masustegi, 23;Piso: 3º A;48006;Bilbao;Bizkaia;;43.257828;-2.9138277;Personas con discapacidad y trastorno mental grave;Adultos (hombres);Salud mental;Discapacidad;----;Espacio residencial integrado en procesos de tratamiento integral para el desarrollo del proyecto de vida con itinerario de exclusión de cada una de las personas atendidas;4;Con derivación;"Informe de Osakidetza de Salud mental, 
Paso por Comisión (33% y valoración de dependencia)";Permanente;Copago
102;Residencial;Viviendas con apoyos;Estructural;AVIFES;No se geolocaliza;;;;;;;;Personas con discapacidad y trastorno mental grave;Adultos (hombres);Salud mental;Discapacidad;----;Espacio residencial integrado en procesos de tratamiento integral para el desarrollo del proyecto de vida con itinerario de exclusión de cada una de las personas atendidas;4;Con derivación;"Informe de Osakidetza de Salud mental, 
Paso por Comisión (33% y valoración de dependencia)";Permanente;Copago
103;Residencial;Viviendas con apoyos;Estructural;AVIFES;C/ Sor Natividad Homedes, 14;Piso: 3º centro;48980;Santurtzi;Bizkaia;;43.325535;-3.0346386;Personas con discapacidad y trastorno mental grave;Adultos (hombres);Salud mental;Discapacidad;----;Espacio residencial integrado en procesos de tratamiento integral para el desarrollo del proyecto de vida con itinerario de exclusión de cada una de las personas atendidas;4;Con derivación;"Informe de Osakidetza de Salud mental, 
Paso por Comisión (33% y valoración de dependencia)";Permanente;Copago
104;Residencial;Viviendas con apoyos;Estructural;AVIFES;C/ Jenaro Oraa, 36;Piso: centro - izqda.;48980;Santurtzi;Bizkaia;;43.32667;-3.0292585;Personas con discapacidad y trastorno mental grave;Adultos (hombres);Salud mental;Discapacidad;----;Espacio residencial integrado en procesos de tratamiento integral para el desarrollo del proyecto de vida con itinerario de exclusión de cada una de las personas atendidas;4;Con derivación;"Informe de Osakidetza de Salud mental, 
Paso por Comisión (33% y valoración de dependencia)";Permanente;Copago
105;Residencial;Viviendas con apoyos;Funcional;BIDEXKA;Estrada San Agustín, 6;;48007;Bilbao;Bizkaia;;43.266;-2.92288;Personas en situación de exclusión social y VIH;Adultos;Exclusión;Discapacidad;----;Espacio residencial integrado en el desarrollo del proyecto de vida con itinerario de exclusión  de cada una de las personas atendidas;6;Con derivación;"Valoración de exclusión
Derivación desde servicios sociales de base o recursos sociales segundarios";Temporal;Gratuito
106;Residencial;Viviendas con apoyos;Funcional;ZUBIETXE - Arginao;C/ Arginao, 8;;48003;Bilbao;Bizkaia;;43.240574;-2.9225118;Personas en situación de exclusión, con discapacidad y/o trastorno mental grave;Adultos;Exclusión;Discapacidad;Salud mental;Espacio residencial integrado en el desarrollo del proyecto de vida con itinerario de exclusión  de cada una de las personas atendidas;4;Con derivación;;Temporal;Gratuito
107;Residencial;Viviendas con apoyos;Estructural;Viviendas con apoyo Bizitegi;C/ Langaran, 14;;48004;Bilbao;Bizkaia;;43.258247;-2.8980253;Personas en situación de exclusión, con discapacidad y/o trastorno mental grave;Adultos;Discapacidad;Exclusión;Salud mental;Espacio residencial integrado en procesos de tratamiento integral para el desarrollo del proyecto de vida con itinerario de exclusión de cada una de las personas atendidas;42;Con derivación;"Informe de Osakidetza de Salud mental
Valoración de exclusión
";Temporal;Gratuito
108;Residencial;Viviendas con apoyos;Estructural;ARGIA;C/ Bulevar de Beurko, 7;"Piso: 4º D
Localidad: San Vicente de Barakaldo";48902;Barakaldo;Bizkaia;;43.299995;-2.9957497;Personas con discapacidad y trastorno mental grave;Adultos;Salud mental;Discapacidad;----;Espacio residencial integrado en procesos de tratamiento integral para el desarrollo del proyecto de vida con itinerario de exclusión de cada una de las personas atendidas;4;Con derivación;Informe de Osakidetza de Salud mental, Paso por Comisión (33% y valoración de dependencia);Permanente;Copago
109;Residencial;Viviendas con apoyos;Estructural;ARGIA;C/ Elcano, 6;"Portal: 6 bis
Piso: 4º dcha.
Localidad: San Vicente de Barakaldo";48902;Barakaldo;Bizkaia;;43.296642;-2.9877176;Personas con discapacidad y trastorno mental grave;Adultos;Salud mental;Discapacidad;----;Espacio residencial integrado en procesos de tratamiento integral para el desarrollo del proyecto de vida con itinerario de exclusión de cada una de las personas atendidas;5;Con derivación;Informe de Osakidetza de Salud mental, Paso por Comisión (33% y valoración de dependencia);Permanente;Copago
110;Residencial;Viviendas con apoyos;Estructural;ARGIA;Plaza Bide Onera, 8;"Piso: 3º izqda.
Localidad: San Vicente de Barakaldo";48901;Barakaldo;Bizkaia;;43.29507;-2.9882948;Personas con discapacidad y trastorno mental grave;Adultos;Salud mental;Discapacidad;----;Espacio residencial integrado en procesos de tratamiento integral para el desarrollo del proyecto de vida con itinerario de exclusión de cada una de las personas atendidas;4;Con derivación;Informe de Osakidetza de Salud mental, Paso por Comisión (33% y valoración de dependencia);Permanente;Copago
111;Residencial;Viviendas con apoyos;Estructural;ARGIA;Avenida San Bartolome, 7;"Piso: 14º A
Localidad: San Vicente de Barakaldo";48902;Barakaldo;Bizkaia;;43.29361;-3.0039823;Personas con discapacidad y trastorno mental grave;Adultos;Salud mental;Discapacidad;----;Espacio residencial integrado en procesos de tratamiento integral para el desarrollo del proyecto de vida con itinerario de exclusión de cada una de las personas atendidas;5;Con derivación;Informe de Osakidetza de Salud mental, Paso por Comisión (33% y valoración de dependencia);Permanente;Copago
112;Residencial;Viviendas con apoyos;Estructural;ARGIA;Avenida San Bartolome, 7;"Piso: 5º B
Localidad: San Vicente de Barakaldo";48902;Barakaldo;Bizkaia;;43.29361;-3.0039823;Personas con discapacidad y trastorno mental grave;Adultos (hombres);Salud mental;Discapacidad;----;Espacio residencial integrado en procesos de tratamiento integral para el desarrollo del proyecto de vida con itinerario de exclusión de cada una de las personas atendidas;5;Con derivación;Informe de Osakidetza de Salud mental, Paso por Comisión (33% y valoración de dependencia);Permanente;Copago
113;Residencial;Viviendas con apoyos;Estructural;ARGIA;Avenida San Bartolome, 7;"Piso: 14 A
Localidad: San Vicente de Barakaldo";48902;Barakaldo;Bizkaia;;43.29361;-3.0039823;Personas con discapacidad y trastorno mental grave;Adultos (hombres);Salud mental;Discapacidad;----;Espacio residencial integrado en procesos de tratamiento integral para el desarrollo del proyecto de vida con itinerario de exclusión de cada una de las personas atendidas;5;Con derivación;Informe de Osakidetza de Salud mental, Paso por Comisión (33% y valoración de dependencia);Permanente;Copago
114;Residencial;Viviendas con apoyos;Estructural;ARGIA;C/ Tartanga, 8 G;"Piso: 1º A
Localidad: Altzaga";48950;Erandio;Bizkaia;;43.309086;-2.9749131;Personas con discapacidad y trastorno mental grave;Adultos (mujeres);Salud mental;Discapacidad;----;Espacio residencial integrado en procesos de tratamiento integral para el desarrollo del proyecto de vida con itinerario de exclusión de cada una de las personas atendidas;5;Con derivación;Informe de Osakidetza de Salud mental, Paso por Comisión (33% y valoración de dependencia);Permanente;Copago
115;Residencial;Viviendas con apoyos;Estructural;ARGIA;C/ Tartanga, 8 G;"Piso: 1º B
Localidad: Altzaga";48950;Erandio;Bizkaia;;43.309086;-2.9749131;Personas con discapacidad y trastorno mental grave;Adultos (hombres);Salud mental;Discapacidad;----;Espacio residencial integrado en procesos de tratamiento integral para el desarrollo del proyecto de vida con itinerario de exclusión de cada una de las personas atendidas;5;Con derivación;Informe de Osakidetza de Salud mental, Paso por Comisión (33% y valoración de dependencia);Permanente;Copago
116;Residencial;Viviendas con apoyos;Estructural;ARGIA;C/ Tartanga, 8 G;"Piso: 2º B
Localidad: Altzaga";48950;Erandio;Bizkaia;;43.309086;-2.9749131;Personas con discapacidad y trastorno mental grave;Adultos (mujeres);Salud mental;Discapacidad;----;Espacio residencial integrado en procesos de tratamiento integral para el desarrollo del proyecto de vida con itinerario de exclusión de cada una de las personas atendidas;5;Con derivación;Informe de Osakidetza de Salud mental, Paso por Comisión (33% y valoración de dependencia);Permanente;Copago
117;Residencial;Viviendas con apoyos;Estructural;ARGIA;C/ Ibaibide, 1;"Piso: 3º A
Localidad: Areeta/Las Arenas";48930;Getxo;Bizkaia;;43.321796;-3.0122955;Personas con discapacidad y trastorno mental grave;Adultos (mujeres);Salud mental;Discapacidad;----;Espacio residencial integrado en procesos de tratamiento integral para el desarrollo del proyecto de vida con itinerario de exclusión de cada una de las personas atendidas;4;Con derivación;Informe de Osakidetza de Salud mental, Paso por Comisión (33% y valoración de dependencia);Permanente;Copago
118;Residencial;Viviendas con apoyos;Estructural;ARGIA;C/ Jolastokieta, 3;"Piso: bajo centro
Localidad: Areeta/Las Arenas";48930;Getxo;Bizkaia;;43.32342;-3.0135567;Personas con discapacidad y trastorno mental grave;Adultos (mujeres);Salud mental;Discapacidad;----;Espacio residencial integrado en procesos de tratamiento integral para el desarrollo del proyecto de vida con itinerario de exclusión de cada una de las personas atendidas;6;Con derivación;Informe de Osakidetza de Salud mental, Paso por Comisión (33% y valoración de dependencia);Permanente;Copago
119;Residencial;Viviendas con apoyos;Estructural;ARGIA;C/ Bidearte, 2;"Piso: 1º C
Localidad: Areeta/Las Arenas";48930;Getxo;Bizkaia;;43.326267;-3.0130208;Personas con discapacidad y trastorno mental grave;Adultos (hombres);Salud mental;Discapacidad;----;Espacio residencial integrado en procesos de tratamiento integral para el desarrollo del proyecto de vida con itinerario de exclusión de cada una de las personas atendidas;7;Con derivación;Informe de Osakidetza de Salud mental, Paso por Comisión (33% y valoración de dependencia);Permanente;Copago
120;Residencial;Viviendas con apoyos;Estructural;ARGIA;Avenida Askatasuna, 3;Piso: 6º A;48003;Bilbao;Bizkaia;;43.25111;-2.931912;Personas con discapacidad y trastorno mental grave;Adultos (hombres);Salud mental;Discapacidad;----;Espacio residencial integrado en procesos de tratamiento integral para el desarrollo del proyecto de vida con itinerario de exclusión de cada una de las personas atendidas;5;Con derivación;Informe de Osakidetza de Salud mental, Paso por Comisión (33% y valoración de dependencia);Permanente;Copago
121;Residencial;Viviendas con apoyos;Estructural;ARGIA;Avenida Askatasuna, 8;Piso: 5º B;48003;Bilbao;Bizkaia;;43.25079;-2.93177;Personas con discapacidad y trastorno mental grave;Adultos (hombres);Salud mental;Discapacidad;----;Espacio residencial integrado en procesos de tratamiento integral para el desarrollo del proyecto de vida con itinerario de exclusión de cada una de las personas atendidas;5;Con derivación;Informe de Osakidetza de Salud mental, Paso por Comisión (33% y valoración de dependencia);Permanente;Copago
122;Residencial;Viviendas con apoyos;Estructural;ARGIA;C/ Dr. Espinosa Oribe, 7;Piso: 3º E;48003;Bilbao;Bizkaia;;43.249554;-2.930143;Personas con discapacidad y trastorno mental grave;Adultos (hombres);Salud mental;Discapacidad;----;Espacio residencial integrado en procesos de tratamiento integral para el desarrollo del proyecto de vida con itinerario de exclusión de cada una de las personas atendidas;5;Con derivación;Informe de Osakidetza de Salud mental, Paso por Comisión (33% y valoración de dependencia);Permanente;Copago
123;Residencial;Viviendas con apoyos;Estructural;ARGIA;Alameda Urquijo, 53;Piso: 5º dcha.;48011;Bilbao;Bizkaia;;43.260555;-2.938914;Personas con discapacidad y trastorno mental grave;Adultos (mujeres);Salud mental;Discapacidad;----;Espacio residencial integrado en procesos de tratamiento integral para el desarrollo del proyecto de vida con itinerario de exclusión de cada una de las personas atendidas;4;Con derivación;Informe de Osakidetza de Salud mental, Paso por Comisión (33% y valoración de dependencia);Permanente;Copago
124;Residencial;Viviendas con apoyos;Estructural;ARGIA;C/ Genera Concha, 33;Piso: 4º ext.-dcha.;48012;Bilbao;Bizkaia;;43.256844;-2.9358177;Personas con discapacidad y trastorno mental grave;Adultos (hombres);Salud mental;Discapacidad;----;Espacio residencial integrado en procesos de tratamiento integral para el desarrollo del proyecto de vida con itinerario de exclusión de cada una de las personas atendidas;5;Con derivación;Informe de Osakidetza de Salud mental, Paso por Comisión (33% y valoración de dependencia);Permanente;Copago
125;Residencial;Viviendas con apoyos;Estructural;ARGIA;C/ Juan de Garay, 2;Piso: 3º A;48003;Bilbao;Bizkaia;;43.25623;-2.93371;Personas con discapacidad y trastorno mental grave;Adultos (hombres);Salud mental;Discapacidad;----;Espacio residencial integrado en procesos de tratamiento integral para el desarrollo del proyecto de vida con itinerario de exclusión de cada una de las personas atendidas;3;Con derivación;Informe de Osakidetza de Salud mental, Paso por Comisión (33% y valoración de dependencia);Permanente;Copago
126;Residencial;Viviendas con apoyos;Estructural;ARGIA;Travesía Las Escuelas, 1;Piso: 1º dcha.;48006;Bilbao;Bizkaia;;43.25477;-2.9222345;Personas con discapacidad y trastorno mental grave;Adultos (hombres);Salud mental;Discapacidad;----;Espacio residencial integrado en procesos de tratamiento integral para el desarrollo del proyecto de vida con itinerario de exclusión de cada una de las personas atendidas;4;Con derivación;Informe de Osakidetza de Salud mental, Paso por Comisión (33% y valoración de dependencia);Permanente;Copago
127;Residencial;Viviendas con apoyos;Estructural;ARGIA;Avenida Julián Gaiarre, 22;Piso: 1º A;48004;Bilbao;Bizkaia;;43.251236;-2.9023845;Personas con discapacidad y trastorno mental grave;Adultos (hombres);Salud mental;Discapacidad;----;Espacio residencial integrado en procesos de tratamiento integral para el desarrollo del proyecto de vida con itinerario de exclusión de cada una de las personas atendidas;5;Con derivación;Informe de Osakidetza de Salud mental, Paso por Comisión (33% y valoración de dependencia);Permanente;Copago
128;Residencial;Viviendas con apoyos;Estructural;ARGIA;Avenida Julián Gaiarre, 22;Piso: 1º B;48004;Bilbao;Bizkaia;;43.251236;-2.9023845;Personas con discapacidad y trastorno mental grave;Adultos (hombres);Salud mental;Discapacidad;----;Espacio residencial integrado en procesos de tratamiento integral para el desarrollo del proyecto de vida con itinerario de exclusión de cada una de las personas atendidas;5;Con derivación;Informe de Osakidetza de Salud mental, Paso por Comisión (33% y valoración de dependencia);Permanente;Copago
129;Residencial;Viviendas con apoyos;Estructural;ARGIA;Avenida Julián Gaiarre, 96;Piso: 8º C izqda.;48004;Bilbao;Bizkaia;;43.256462;-2.8995492;Personas con discapacidad y trastorno mental grave;Adultos (hombres);Salud mental;Discapacidad;----;Espacio residencial integrado en procesos de tratamiento integral para el desarrollo del proyecto de vida con itinerario de exclusión de cada una de las personas atendidas;5;Con derivación;Informe de Osakidetza de Salud mental, Paso por Comisión (33% y valoración de dependencia);Permanente;Copago
130;Residencial;Viviendas con apoyos;Estructural;ARGIA;C/ Miembro de la Dya Fernando Jiménez, 4;Piso: 11º B;48004;Bilbao;Bizkaia;;43.25095;-2.9062102;Personas con discapacidad y trastorno mental grave;Adultos (mujeres);Salud mental;Discapacidad;----;Espacio residencial integrado en procesos de tratamiento integral para el desarrollo del proyecto de vida con itinerario de exclusión de cada una de las personas atendidas;5;Con derivación;Informe de Osakidetza de Salud mental, Paso por Comisión (33% y valoración de dependencia);Permanente;Copago
131;Residencial;Viviendas con apoyos;Estructural;ARGIA;Avenida Txomin Garat, 6;Piso: 5º C;48004;Bilbao;Bizkaia;;43.25678;-2.9090526;Personas con discapacidad y trastorno mental grave;Adultos (hombres);Salud mental;Discapacidad;----;Espacio residencial integrado en procesos de tratamiento integral para el desarrollo del proyecto de vida con itinerario de exclusión de cada una de las personas atendidas;5;Con derivación;Informe de Osakidetza de Salud mental, Paso por Comisión (33% y valoración de dependencia);Permanente;Copago
132;Residencial;Viviendas con apoyos;Estructural;ARGIA;C/ Miembro de la Dya Fernando Jiménez, 2;Piso: 6º A;48004;Bilbao;Bizkaia;;43.25101;-2.9062603;Personas con discapacidad y trastorno mental grave;Adultos (hombres);Salud mental;Discapacidad;----;Espacio residencial integrado en procesos de tratamiento integral para el desarrollo del proyecto de vida con itinerario de exclusión de cada una de las personas atendidas;5;Con derivación;Informe de Osakidetza de Salud mental, Paso por Comisión (33% y valoración de dependencia);Permanente;Copago
133;Residencial;Viviendas con apoyos;Funcional;Hogar IZARRA;C/ Lozoño, 21;Piso: 4º izqda.;48004;Bilbao;Bizkaia;;43.258503;-2.900149;Personas con trastorno mental grave;Adultos;Salud mental;----;----;Espacio residencial, programa de rehaiblitación;3;Con derivación;Informe de Osakidetza de Salud mental, Paso por Comisión (33% y valoración de dependencia);Temporal;Gratuito
134;Residencial;Viviendas con apoyos;Funcional;Hogar IZARRA;Travesía Arbolantza, 3;Piso: izqda. 2º E;48004;Bilbao;Bizkaia;;43.26138;-2.89785;Personas con trastorno mental grave;Adultos;Salud mental;----;----;Espacio residencial, programa de rehaiblitación;2;Con derivación;Informe de Osakidetza de Salud mental, Paso por Comisión (33% y valoración de dependencia);Temporal;Gratuito
135;Residencial;Viviendas con apoyos;Funcional;Hogar IZARRA;C/ Langaran, 42;Piso: 7º dcha.;48004;Bilbao;Bizkaia;;43.26034;-2.8977706;Personas con trastorno mental grave;Adultos;Salud mental;----;----;Espacio residencial, programa de rehaiblitación;3;Con derivación;Informe de Osakidetza de Salud mental, Paso por Comisión (33% y valoración de dependencia);Temporal;Gratuito
136;Residencial;Viviendas con apoyos;Funcional;Hogar IZARRA;Avenida Julián Gaiarre, 96;Piso: 4º D izqda.;48004;Bilbao;Bizkaia;;43.256462;-2.8995492;Personas con trastorno mental grave;Adultos;Salud mental;----;----;Espacio residencial, programa de rehaiblitación;4;Con derivación;Informe de Osakidetza de Salud mental, Paso por Comisión (33% y valoración de dependencia);Temporal;Gratuito
137;Residencial;Viviendas con apoyos;Funcional;Hogar IZARRA;Aperribai Bidea, 2;Localidad: Kurtzea;48960;Galdakao;Bizkaia;;43.233173;-2.8605714;Personas con trastorno mental grave;Adultos;Salud mental;----;----;Espacio residencial, programa de rehaiblitación;2;Con derivación;Informe de Osakidetza de Salud mental, Paso por Comisión (33% y valoración de dependencia);Temporal;Gratuito
138;Protocolos y programas;Protocolo de atención sociosanitaria;Estructural;Protocolo de coordinación sociosanitaria ;No se geolocaliza;;;Bilbao;Bizkaia;;;;Personas con Salud mental, vulnerables y sin conciencia de problema;Adultos;Salud mental;----;----;Procedimiento de actuación coordinada para atender a situaciones de riesgo sociosanitario y/o situaciones de emergencia en personas con Salud mental;;< Dato desconocido >;Notificación de servicios sociales/ sanitarios de situaciones de riesgo en Salud mental;< Dato desconocido >;Gratuito
139;Protocolos y programas;Teleasistencia Sociosanitaria;Funcional;Teleasistencia BETI ON ;No se geolocaliza;;;;Bizkaia;;;;Personas mayores de 75 años o en situación de dependencia, discapacidad o trastorno mental grave;Adultos;Dependencia;Discapacidad;Salud mental;Plataforma telemática que da cobertura sociosanitaria en domicilio;;Con y sin derivación;Informe del departamento de políticas sociales;Permanente;Copago
140;Protocolos y programas;Prestación sanitaria en residencias;Funcional;Cobertura de atención sanitaria a personas dependientes en residencias;No se geolocaliza;;;;Bizkaia;;;;Personas dependientes en residencias ;Adultos;Dependencia;----;----;Programa de asistencia sanitaria integral en residencias a personas dependientes;;< Dato desconocido >;Residencias;Permanente;Gratuito
141;Protocolos y programas;Otras prestaciones y programas;Auxiliar;Ayudas para la adaptación de edificios y viviendas ;C/ Marqués de Valdespina, 1;;48260;Ermua;Bizkaia;;43.186012;-2.5021565;Personas en situación de dependencia y discapacidad;Adultos;Dependencia;Discapacidad;----;Eliminación de barreras arquitectónicas y adaptación de viviendas;;Con derivación;Valoración servicios municipales;< Dato desconocido >;Copago
142;Protocolos y programas;Otras prestaciones y programas;Auxiliar;ERMUA MUGI;C/ Marqués de Valdespina, 1;;48260;Ermua;Bizkaia;;43.186012;-2.5021565;Personas con necesidad específica de ejercicio físico;Adultos;Población general;----;----;Plan individual de ejercicio físico que introduce hábito deportivo adaptado a cada situación de salud;;Con derivación;Derivación del centro de salud;< Dato desconocido >;Gratuito
143;Protocolos y programas;Otras prestaciones y programas;Auxiliar;Préstamo de ayudas técnicas;C/ Marqués de Valdespina, 1;;48260;Ermua;Bizkaia;;43.186012;-2.5021565;Población usuaria del SAD;Adultos;Dependencia;Discapacidad;----;Prestación de ayudas técnicas para mejorar la movilidad y autonomía;;Con derivación;Personas usuarias del SAD;< Dato desconocido >;Gratuito
145;Protocolos y programas;Otras prestaciones y programas;Auxiliar;Préstamo de ayudas técnicas;No se geolocaliza;;;Bilbao;Bizkaia;;;;Población usuaria del SAD;Adultos;Dependencia;Discapacidad;----;Prestación de ayudas técnicas para mejorar la movilidad y autonomía;;< Dato desconocido >;Personas usuarias del SAD;< Dato desconocido >;Gratuito
146;Protocolos y programas;Otras prestaciones y programas;Auxiliar;Préstamo de ayudas técnicas;C/ Aita Elorriaga, 4;Piso: bajo;48100;Mungia;Bizkaia;Consorcio Mungialde de Servicios Sociales;43.353428;-2.8457623;Población usuaria del SAD;;Dependencia;----;----;Prestación de ayudas técnicas para mejorar la movilidad y autonomía;;Con derivación;Personas usuarias del SAD;< Dato desconocido >;Gratuito
147;Protocolos y programas;Otras prestaciones y programas;Auxiliar;Préstamo de ayudas técnicas ;Urgoiti, 57;;48480;Arrigorriaga;Bizkaia;;43.20636;-2.8879442;Población usuaria del SAD;;Dependencia;----;----;Prestación de ayudas técnicas para mejorar la movilidad y autonomía;;Con derivación;Personas usuarias del SAD;< Dato desconocido >;Gratuito
148;Protocolos y programas;Otras prestaciones y programas;Funcional;Apoyo a personas cuidadoras;Urgoiti, 57;;48480;Arrigorriaga;Bizkaia;;43.20636;-2.8879442;Personas en situación de dependencia. Cuidadores.;Adultos;Dependencia;----;----;Talleres de formación, técnicas de higiene y movilización, técnicas de autocuidado. Grupos de apoyo psicológico para cuidadores.;;Sin derivación;Valoración de dependencia;< Dato desconocido >;Copago
149;Protocolos y programas;Otras prestaciones y programas;Auxiliar;Programa de actividad física para personas mayores;Urgoiti, 57;;48480;Arrigorriaga;Bizkaia;;43.20636;-2.8879442;Personas con necesidad específica de ejercicio físico;Adultos;Población general;----;----;Plan individual de ejercicio físico que introduce hábito deportivo adaptado a cada situación de salud.;;Con derivación;;< Dato desconocido >;Copago
150;Protocolos y programas;Otras prestaciones y programas;Auxiliar;Apoyo a personas cuidadoras;C/ Iturritza, 51;Localidad: Berriz-Olakueta;48240;Berriz;Bizkaia;;43.174847;-2.5775428;Personas en situación de dependencia. Cuidadores.;Adultos;Dependencia;----;----;Talleres de formación, técnicas de higiene y movilización, técnicas de autocuidado. Grupos de apoyo psicológico para cuidadores.;;Sin derivación;Valoración de dependencia;< Dato desconocido >;Gratuito
151;Protocolos y programas;Otras prestaciones y programas;Auxiliar;Programa de actividad física para personas mayores;C/ Iturritza, 51;Localidad: Berriz-Olakueta;48240;Berriz;Bizkaia;;43.174847;-2.5775428;Personas con necesidad específica de ejercicio físico;Adultos;Población general;----;----;Plan individual de ejercicio físico que introduce hábito deportivo adaptado a cada situación de salud.;;Sin derivación;;< Dato desconocido >;Gratuito
152;Protocolos y programas;Otras prestaciones y programas;Auxiliar;Apoyo a personas cuidadoras (ZAINDUZ);Astola Auzoa, 26;Localidad: Traña-Matiena;48220;Abadiño;Bizkaia;Mancomunidad de la Merindad de Durango;43.161133;-2.6128547;Personas en situación de dependencia. Cuidadores.;Adultos;Dependencia;----;----;Talleres de formación, técnicas de higiene y movilización, técnicas de autocuidado. Grupos de apoyo psicológico para cuidadores.;;Con y sin derivación;Valoración a la dependencia;< Dato desconocido >;Gratuito
153;Protocolos y programas;Otras prestaciones y programas;Auxiliar;Programa de actividad física para personas mayores;Astola Auzoa, 26;Localidad: Traña-Matiena;48220;Abadiño;Bizkaia;Mancomunidad de la Merindad de Durango;43.161133;-2.6128547;Personas con necesidad específica de ejercicio físico;Adultos;Población general;----;----;Plan individual de ejercicio físico que introduce hábito deportivo adaptado a cada situación de salud.;;Sin derivación;;< Dato desconocido >;Gratuito
154;Protocolos y programas;Otras prestaciones y programas;Auxiliar;Apoyo a personas cuidadoras;Herriaren Plaza;;48490;Ugao-Miraballes;Bizkaia;;43.180122;-2.9015903;Personas en situación de dependencia. Cuidadores.;Adultos;Dependencia;----;----;Talleres de formación, técnicas de higiene y movilización, técnicas de autocuidado. Grupos de apoyo psicológico para cuidadores.;;Con y sin derivación;"Valoración de dependencia
";< Dato desconocido >;Gratuito
155;Protocolos y programas;Otras prestaciones y programas;Auxiliar;Préstamo de ayudas técnicas ;Plaza Dr. Madinabeitia, 1;;48810;Alonsotegi;Bizkaia;;43.245144;-2.988271;Población usuaria del SAD;;Dependencia;----;----;Prestación de ayudas técnicas para mejorar la movilidad y autonomía;;Sin derivación;;< Dato desconocido >;Gratuito
156;Protocolos y programas;Otras prestaciones y programas;Auxiliar;Apoyo a personas cuidadoras;Plaza Dr. Madinabeitia, 1;;48810;Alonsotegi;Bizkaia;;43.245144;-2.988271;Personas en situación de dependencia. Cuidadores.;Adultos;Dependencia;----;----;Talleres de formación, técnicas de higiene y movilización, técnicas de autocuidado. Grupos de apoyo psicológico para cuidadores.;;Con y sin derivación;"Valoración de dependencia
";< Dato desconocido >;Gratuito
157;Protocolos y programas;Otras prestaciones y programas;Auxiliar;Préstamo de ayudas técnicas ;Barrio La Inmaculada, 15;Localidad: Aranguren;48850;Zalla;Bizkaia;Mancomunidad de Municipios de las Encartaciones;43.20881;-3.1165326;Población usuaria del SAD;;Dependencia;----;----;Prestación de ayudas técnicas para mejorar la movilidad y autonomía;;Con derivación;;< Dato desconocido >;Gratuito
158;Protocolos y programas;Otras prestaciones y programas;Auxiliar;Apoyo a personas cuidadoras;Barrio La Inmaculada, 15;Localidad: Aranguren;48850;Zalla;Bizkaia;Mancomunidad de Municipios de las Encartaciones;43.20881;-3.1165326;Personas en situación de dependencia. Cuidadores.;Adultos;Dependencia;----;----;Talleres de formación, técnicas de higiene y movilización, técnicas de autocuidado. Grupos de apoyo psicológico para cuidadores.;;Con derivación;"Valoración de dependencia
";< Dato desconocido >;Gratuito
159;Protocolos y programas;Otras prestaciones y programas;Auxiliar;Programa de actividad física para personas mayores;Barrio La Inmaculada, 15;Localidad: Aranguren;48850;Zalla;Bizkaia;Mancomunidad de Municipios de las Encartaciones;43.20881;-3.1165326;Personas con necesidad específica de ejercicio físico;Adultos;Población general;----;----;Plan individual de ejercicio físico que introduce hábito deportivo adaptado a cada situación de salud.;;Con derivación;;< Dato desconocido >;Gratuito
160;Protocolos y programas;Otras prestaciones y programas;Auxiliar;Préstamo de ayudas técnicas ;Barrio Erdigune, 68;Localidad: Ergoien;48112;Maruri-Jatabe;Bizkaia;;43.379456;-2.867251;Población usuaria del SAD;;Dependencia;----;----;Prestación de ayudas técnicas para mejorar la movilidad y autonomía;;Con derivación;;< Dato desconocido >;Copago
161;Protocolos y programas;Otras prestaciones y programas;Auxiliar;Apoyo a personas cuidadoras;Barrio Erdigune, 68;Localidad: Ergoien;48112;Maruri-Jatabe;Bizkaia;;43.379456;-2.867251;Personas en situación de dependencia. Cuidadores.;Adultos;Dependencia;----;----;Talleres de formación, técnicas de higiene y movilización, técnicas de autocuidado. Grupos de apoyo psicológico para cuidadores.;;Con derivación;"Valoración de dependencia
";< Dato desconocido >;Gratuito
162;Protocolos y programas;Otras prestaciones y programas;Auxiliar;Préstamo de ayudas técnicas ;C/ Alhondiga, 6;Piso: bajo;48300;Gernika-Lumo;Bizkaia;Mancomunidad de Servicios Sociales de Busturialdea;43.312153;-2.6778288;Población usuaria del SAD;;Dependencia;----;----;Prestación de ayudas técnicas para mejorar la movilidad y autonomía;;Sin derivación;;< Dato desconocido >;Gratuito
163;Protocolos y programas;Otras prestaciones y programas;Auxiliar;Apoyo a personas cuidadoras;C/ Alhondiga, 6;Piso: bajo;48300;Gernika-Lumo;Bizkaia;Mancomunidad de Servicios Sociales de Busturialdea;43.312153;-2.6778288;Personas en situación de dependencia. Cuidadores.;Adultos;Dependencia;----;----;Talleres de formación, técnicas de higiene y movilización, técnicas de autocuidado. Grupos de apoyo psicológico para cuidadores.;;Sin derivación;"Valoración de dependencia
";< Dato desconocido >;Gratuito
164;Protocolos y programas;Otras prestaciones y programas;Auxiliar;Apoyo a personas cuidadoras;Plaza Primero de Mayo;;48530;Ortuella;Bizkaia;;43.310635;-3.0575457;Personas en situación de dependencia. Cuidadores.;Adultos;Dependencia;----;----;Talleres de formación, técnicas de higiene y movilización, técnicas de autocuidado. Grupos de apoyo psicológico para cuidadores.;;Con derivación;"Valoración de dependencia
";< Dato desconocido >;Gratuito
165;Protocolos y programas;Otras prestaciones y programas;Auxiliar;Programa de actividad física para personas mayores;Plaza Primero de Mayo;;48530;Ortuella;Bizkaia;;43.310635;-3.0575457;Personas con necesidad específica de ejercicio físico;Adultos;Población general;----;----;Plan individual de ejercicio físico que introduce hábito deportivo adaptado a cada situación de salud.;;Con y sin derivación;;< Dato desconocido >;Gratuito
166;Protocolos y programas;Otras prestaciones y programas;Auxiliar;Préstamo de ayudas técnicas ;Krutzeko Plaza, 1;Localidad: Kurtzea;48960;Galdakao;Bizkaia;;43.23123;-2.8397079;Población usuaria del SAD;;Dependencia;----;----;Prestación de ayudas técnicas para mejorar la movilidad y autonomía;;Con derivación;Personas usuarias del SAD;< Dato desconocido >;Gratuito
167;Protocolos y programas;Otras prestaciones y programas;Auxiliar;Apoyo a personas cuidadoras;Krutzeko Plaza, 1;Localidad: Kurtzea;48960;Galdakao;Bizkaia;;43.23123;-2.8397079;Personas en situación de dependencia. Cuidadores.;Adultos;Dependencia;----;----;Talleres de formación, técnicas de higiene y movilización, técnicas de autocuidado. Grupos de apoyo psicológico para cuidadores.;;Sin derivación;"Valoración de dependencia
";< Dato desconocido >;Gratuito
168;Protocolos y programas;Otras prestaciones y programas;Auxiliar;Programa de actividad física para personas mayores;Krutzeko Plaza, 1;Localidad: Kurtzea;48960;Galdakao;Bizkaia;;43.23123;-2.8397079;Personas con necesidad específica de ejercicio físico;Adultos;Población general;----;----;Plan individual de ejercicio físico que introduce hábito deportivo adaptado a cada situación de salud.;;Con derivación;;< Dato desconocido >;Gratuito
169;Protocolos y programas;Otras prestaciones y programas;Auxiliar;Préstamo de ayudas técnicas ;Plaza Txiki y Otaegi, 1;Localidad: Doneztebe | San Esteban;48450;Etxebarri;Bizkaia;;43.24626;-2.8921478;Población usuaria del SAD;;Dependencia;----;----;Prestación de ayudas técnicas para mejorar la movilidad y autonomía;;Con derivación;Personas usuarias del SAD;< Dato desconocido >;Gratuito
170;Protocolos y programas;Otras prestaciones y programas;Auxiliar;Programa de actividad física para personas mayores;Plaza Txiki y Otaegi, 1;Localidad: Doneztebe | San Esteban;48450;Etxebarri;Bizkaia;;43.24626;-2.8921478;Personas con necesidad específica de ejercicio físico;Adultos;Población general;----;----;Plan individual de ejercicio físico que introduce hábito deportivo adaptado a cada situación de salud.;;Sin derivación;;< Dato desconocido >;Gratuito
171;Protocolos y programas;Otras prestaciones y programas;Auxiliar;Préstamo de ayudas técnicas ;C/ Los Fueros, 1;Localidad: Algorta;48992;Getxo;Bizkaia;;43.34311;-3.0076158;Población usuaria del SAD;;Dependencia;----;----;Prestación de ayudas técnicas para mejorar la movilidad y autonomía;;Con derivación;Personas usuarias del SAD;< Dato desconocido >;Gratuito
172;Protocolos y programas;Otras prestaciones y programas;Auxiliar;Apoyo a personas cuidadoras;C/ Los Fueros, 1;Localidad: Algorta;48992;Getxo;Bizkaia;;43.34311;-3.0076158;Personas en situación de dependencia. Cuidadores.;Adultos;Dependencia;----;----;Talleres de formación, técnicas de higiene y movilización, técnicas de autocuidado. Grupos de apoyo psicológico para cuidadores.;;Con y sin derivación;"Valoración de dependencia
";< Dato desconocido >;Gratuito
173;Protocolos y programas;Otras prestaciones y programas;Auxiliar;Programa de actividad física para personas mayores;C/ Los Fueros, 1;Localidad: Algorta;48992;Getxo;Bizkaia;;43.34311;-3.0076158;Personas con necesidad específica de ejercicio físico;Adultos;Población general;----;----;Plan individual de ejercicio físico que introduce hábito deportivo adaptado a cada situación de salud.;;Con y sin derivación;;< Dato desconocido >;Copago
174;Protocolos y programas;Otras prestaciones y programas;Auxiliar;Préstamo de ayudas técnicas ;Barrio La Cuesta, 1;Localidad: La Cuesta;48508;Zierbena;Bizkaia;;43.345947;-3.0887852;Población usuaria del SAD;;Dependencia;----;----;Prestación de ayudas técnicas para mejorar la movilidad y autonomía;;Con derivación;Personas usuarias del SAD;< Dato desconocido >;Gratuito
175;Protocolos y programas;Otras prestaciones y programas;Auxiliar;Apoyo a personas cuidadoras;Barrio La Cuesta, 1;Localidad: La Cuesta;48508;Zierbena;Bizkaia;;43.345947;-3.0887852;Personas en situación de dependencia. Cuidadores.;Adultos;Dependencia;----;----;Talleres de formación, técnicas de higiene y movilización, técnicas de autocuidado. Grupos de apoyo psicológico para cuidadores.;;Con y sin derivación;"Valoración de dependencia
";< Dato desconocido >;Gratuito
176;Protocolos y programas;Otras prestaciones y programas;Auxiliar;Programa de actividad física para personas mayores;Barrio La Cuesta, 1;Localidad: La Cuesta;48508;Zierbena;Bizkaia;;43.345947;-3.0887852;Personas con necesidad específica de ejercicio físico;Adultos;Población general;----;----;Plan individual de ejercicio físico que introduce hábito deportivo adaptado a cada situación de salud.;;Con y sin derivación;;< Dato desconocido >;Copago
177;Protocolos y programas;Otras prestaciones y programas;Auxiliar;Apoyo a personas cuidadoras;Barrio Elexalde, 1;Localidad: Elexalde;48940;Leioa;Bizkaia;;43.328327;-3.0054638;Personas en situación de dependencia. Cuidadores.;Adultos;Dependencia;----;----;Talleres de formación, técnicas de higiene y movilización, técnicas de autocuidado. Grupos de apoyo psicológico para cuidadores.;;Con y sin derivación;"Valoración de dependencia
";< Dato desconocido >;Gratuito
178;Protocolos y programas;Otras prestaciones y programas;Auxiliar;Programa de actividad física para personas mayores;Barrio Elexalde, 1;Localidad: Elexalde;48940;Leioa;Bizkaia;;43.328327;-3.0054638;Personas con necesidad específica de ejercicio físico;Adultos;Población general;----;----;Plan individual de ejercicio físico que introduce hábito deportivo adaptado a cada situación de salud.;;Sin derivación;;< Dato desconocido >;Gratuito
179;Protocolos y programas;Programa de atención temprana;Estructural;PAINNE ;No se geolocaliza;;;Bilbao;Bizkaia;;;;Niños y niñas de 0 a 6 años con necesidades especiales y sus familias;Menores;Necesidades especiales;----;----;Proceso de actuación coordinada interinstitucional e interdisciplinar en la atención temprana;;< Dato desconocido >;Informe de los servicios de salud;< Dato desconocido >;Gratuito
183;Protocolos y programas;Programa asertivo comunitario;Estructural;Programa sin hogar (TAC) ;No se geolocaliza;;;Bilbao;Bizkaia;;;;Personas con discapacidad (Salud mental) y en situación de alta exclusión;Adultos;Discapacidad;Exclusión;Salud mental;Programa de atención psiquiátrica a personas sin hogar y trastorno mental grave en el municipio de Bilbao;;< Dato desconocido >;Servicios municipales;< Dato desconocido >;Gratuito
184;Protocolos y programas;Protocolo de atención sociosanitaria;Estructural;ETXEAN ONDO ;C/ Marqués de Valdespina, 1;;48260;Ermua;Bizkaia;;43.186012;-2.5021565;Personas en situación de dependencia con pluripatología. ;Adultos;Dependencia;----;----;Abordaje conjunto sociosanitario  y multidisciplinar con elaboración de un plan de atención individual;;< Dato desconocido >;Programa experimental;Temporal;Gratuito
185;Protocolos y programas;Programa de apoyo especializado;Funcional;ADEMBI ;C/ Ibarrekolanda, 17;;48014;Bilbao;Bizkaia;;43.273525;-2.9541514;Personas con esclerosis múltiple;Adultos;Dependencia;Discapacidad;----;Tratamientos individualizados para promoción de autonomía personal. personas con diagnóstico de Esclerosis Múltiple. Servicio de fisioterapia, logopedia. At. Psicologica y neuropsicológica.;;Sin derivación;33% Discapacidad y Dependencia valorada;Temporal;Copago
186;Protocolos y programas;Programa de apoyo especializado;Funcional;APNABI;No se geolocaliza;;;;Bizkaia;;;;"Personas con discapacidad (TEA y psicosis infantil)
De 7 a 60 años";Adultos y menores;Dependencia;Discapacidad;----;Servicio de seguimiento de control evolutivo de las personas con discapacidad afectadas por autismo y otros trastornos del espectro autista. Tratamientos individualizados de psicoterapia. Proporciona los apoyos terapéuticos oportunos para que incrementen su autonomía personal a lo largo de las distintas etapas de la vida.;;Sin derivación;33% Discapacidad y Dependencia valorada;Temporal;Copago
187;Protocolos y programas;Programa de apoyo especializado;Funcional;ASPACE ;C/ Barroeta Aldamar;;48001;Bilbao;Bizkaia;;43.26276;-2.9262936;"Personas con discapacidad afectadas de paralisis cerebral y afines
De 7 a 60 años";Adultos y menores;Dependencia;Discapacidad;----;Tratamientos individualizados de psicoterapia. Proporciona los apoyos terapéuticos oportunos para que incrementen su autonomía personal a lo largo de las distintas etapas de la vida.;;Sin derivación;33% Discapacidad y Dependencia valorada;Temporal;Copago
188;Protocolos y programas;Programa de acompañamiento;Auxiliar;GIZAKIA ;Avenida Madariaga, 63;;48014;Bilbao;Bizkaia;;43.270634;-2.9540255;Personas con adicciones a sustancias;Adultos;Adicciones;----;----;Programa de acompañamiento y atención a las personas con adicciones con o sin sustancias;104;Con derivación;Gizakia;Temporal;Gratuito
189;Protocolos y programas;Protocolo de atención sociosanitaria;Estructural;Protocolo de actuación sociosanitaria en Comarca Uribe dirigido a: personas mayores en su entorno habitual de residencia (centros residenciales);No se geolocaliza;;;;Bizkaia;OSI Uribe ;;;Personas mayoresen centros residenciales ;Adultos;Dependencia;;;"Protocolo de coordinación sociosanitaria que persigue el objetivo de que la persona y su entorno sean el centro de atención del sistema que debe responder a las necesidades
 de las personas de una manera proactiva y continuada mediante servicios presenciales y no presenciales.";;n/a: No aplica;;< Dato desconocido >;Gratuito
190;Protocolos y programas;Protocolo de atención sociosanitaria;Estructural;Protocolo de coordinación sociosanitaria de Comarca Uribe  dirigido a: persona mayor (= ó >65 años) dependiente o en riesgo de dependencia, en su entorno habitual de residencia;No se geolocaliza;;;;Bizkaia;OSI Uribe ;;;Perdonas mayores en domicilio;Adultos;Dependencia;;;Protocolo que promueve la colaboración sociosanitaria de manera sistematizada en la asistencia a las personas con problemas de salud o problemas funcionales y/o riesgo de exclusión social, que precisen una asistencia sanitaria y social, ajustada al principio de continuidad asistencial en un entorno geográfico concreto, partiendo del conocimiento compartido de los recursos existentes en el ámbito social y sanitario y de las necesidades que cada sector identifica respecto al otro para poder ofrecer una mejora en la atención.;;n/a: No aplica;;< Dato desconocido >;Gratuito
191;Protocolos y programas;Protocolo de atención sociosanitaria;Estructural;Protocolo de coordinación para equipos de atención primaria sociosanitaria OSI Barrualde-Galdakao 2015;No se geolocaliza;;;;Bizkaia;OSI Barrualde-Galdakao;;;Personas con necesidades sociosanitarias;Adultos;Dependencia;Discapacidad;Exclusión;"Protocolo que pretende el desarrollo de una atención primaria sociosanitaria entre la OSI Barrualde-Galdakao (Unidades de Atención Primaria, Hospital Galdakao-Usansolo y Hospital Gernika-Lumo) y los servicios sociales de base de los municipios de su zona de influencia, mediante intervenciones interdisciplinares y coordinadas de gestión del caso, para responder de manera continuada e integrada a las necesidades
de las personas en su domicilio.";;n/a: No aplica;;< Dato desconocido >;Gratuito
192;Protocolos y programas;Protocolo de atención sociosanitaria;Estructural;Protocolo de coordinación de la OSI Barakaldo - Sestao para la atención al Transtorno Mental Grave;No se geolocaliza;;;;Bizkaia;OSI Barakaldo - Sestao;;;Personas con trastorno mental grave;Adultos;Salud mental;Discapacidad;;Protocolo que pretende el desarrollo de una atención primaria sociosanitaria entre la OSI Barakaldo-Sestao y los servicios sociales de base de los municipios de su zona de influencia, en materia de Salud mental;;n/a: No aplica;;< Dato desconocido >;Gratuito
193;Protocolos y programas;Protocolo de atención sociosanitaria;Estructural;Protocolo de coordinación sociosanitaria entre la OSI Bilbao-Basurto y el Ayuntamiento de Bilbao;No se geolocaliza;;;;Bizkaia;OSI Bilbao-Basurto, Ayuntamiento, y Diputación Foral de Bizkaia;;;Personas con discapacidad intelectual y problemas de salud mental ;Adultos;;;;Protocolo que pretende el desarrollo de una atención primaria sociosanitaria entre la OSI Bilbao-Basurto y los servicios sociales de base de los municipios de su zona de influencia, en materia de discapacidad y  Salud mental;;n/a: No aplica;;< Dato desconocido >;Gratuito
194;Protocolos y programas;Concertación en residencias;Funcional;Cobertura de atención social a personas dependientes en residencias;No se geolocaliza;;;;Bizkaia;;;;Personas dependientes en residencias ;Adultos;Dependencia;;;Programa de asistencia social integral en residencias a personas dependientes;;< Dato desconocido >;Residencias;Permanente;Gratuito
